{"cameraMode":{"drawMode":0,"name":"Shaded","section":"Shading Mode"},"sceneLighting":false,"audioPlay":false,"sceneViewState":{"showFog":true,"showMaterialUpdate":false,"showSkybox":true,"showFlares":true,"showImageEffects":true,"showParticleSystems":true},"in2DMode":false,"pivot":{"x":0.0,"y":0.5250000357627869,"z":4.76837158203125e-7},"rotation":{"x":-0.5781060457229614,"y":-0.027651948854327203,"z":0.019604595378041269,"w":-0.8152627348899841},"size":23.452911376953126,"orthographic":false}