{"cameraMode":{"drawMode":0,"name":"Shaded","section":"Shading Mode"},"sceneLighting":false,"audioPlay":false,"sceneViewState":{"showFog":true,"showMaterialUpdate":false,"showSkybox":true,"showFlares":true,"showImageEffects":true,"showParticleSystems":true},"in2DMode":false,"pivot":{"x":5.566617965698242,"y":0.6044877767562866,"z":0.7065414786338806},"rotation":{"x":-0.000565558613743633,"y":0.9999345541000366,"z":0.004481250885874033,"w":0.023552414029836656},"size":1.3872926235198975,"orthographic":false}