{"cameraMode":{"drawMode":0,"name":"Shaded","section":"Shading Mode"},"sceneLighting":false,"audioPlay":false,"sceneViewState":{"showFog":true,"showMaterialUpdate":false,"showSkybox":true,"showFlares":true,"showImageEffects":true,"showParticleSystems":true},"in2DMode":false,"pivot":{"x":2.3514015674591066,"y":2.588063955307007,"z":10.071096420288086},"rotation":{"x":-0.5254338979721069,"y":-0.011625978164374829,"z":0.007024410646408796,"w":-0.8508630990982056},"size":2.5438919067382814,"orthographic":false}