{"cameraMode":{"drawMode":0,"name":"Shaded","section":"Shading Mode"},"sceneLighting":false,"audioPlay":false,"sceneViewState":{"showFog":true,"showMaterialUpdate":false,"showSkybox":true,"showFlares":true,"showImageEffects":true,"showParticleSystems":true},"in2DMode":false,"pivot":{"x":3.5220000743865969,"y":2.4539999961853029,"z":11.550000190734864},"rotation":{"x":0.015308033674955368,"y":-0.9383152723312378,"z":-0.041971758008003238,"w":-0.34293249249458315},"size":1.4289418458938599,"orthographic":false}