{"cameraMode":{"drawMode":0,"name":"Shaded","section":"Shading Mode"},"sceneLighting":false,"audioPlay":false,"sceneViewState":{"showFog":true,"showMaterialUpdate":false,"showSkybox":true,"showFlares":true,"showImageEffects":true,"showParticleSystems":true},"in2DMode":false,"pivot":{"x":3.5784430503845217,"y":2.6239285469055177,"z":9.574155807495118},"rotation":{"x":-0.20028547942638398,"y":-0.7339062094688416,"z":0.6016116142272949,"w":-0.24410200119018556},"size":1.8541178703308106,"orthographic":false}