{"cameraMode":{"drawMode":0,"name":"Shaded","section":"Shading Mode"},"sceneLighting":false,"audioPlay":false,"sceneViewState":{"showFog":true,"showMaterialUpdate":false,"showSkybox":true,"showFlares":true,"showImageEffects":true,"showParticleSystems":true},"in2DMode":false,"pivot":{"x":1.386368989944458,"y":2.588063955307007,"z":1.8196179866790772},"rotation":{"x":-0.5254338979721069,"y":-0.011625978164374829,"z":0.007024410646408796,"w":-0.8508630990982056},"size":1.8773090839385987,"orthographic":false}