{"cameraMode":{"drawMode":0,"name":"Shaded","section":"Shading Mode"},"sceneLighting":false,"audioPlay":false,"sceneViewState":{"showFog":true,"showMaterialUpdate":false,"showSkybox":true,"showFlares":true,"showImageEffects":true,"showParticleSystems":true},"in2DMode":false,"pivot":{"x":3.450000047683716,"y":2.5999975204467775,"z":11.523237228393555},"rotation":{"x":0.674051821231842,"y":0.004601992201060057,"z":-0.004963429644703865,"w":0.738946259021759},"size":3.4812052249908449,"orthographic":false}