{"cameraMode":{"drawMode":0,"name":"Shaded","section":"Shading Mode"},"sceneLighting":false,"audioPlay":false,"sceneViewState":{"showFog":true,"showMaterialUpdate":false,"showSkybox":true,"showFlares":true,"showImageEffects":true,"showParticleSystems":true},"in2DMode":false,"pivot":{"x":3.972039222717285,"y":2.481616973876953,"z":9.577886581420899},"rotation":{"x":-0.010496197268366814,"y":0.0034355944953858854,"z":-0.0005348624545149505,"w":1.0001475811004639},"size":2.182222843170166,"orthographic":false}