{"cameraMode":{"drawMode":0,"name":"Shaded","section":"Shading Mode"},"sceneLighting":false,"audioPlay":false,"sceneViewState":{"showFog":true,"showMaterialUpdate":false,"showSkybox":true,"showFlares":true,"showImageEffects":true,"showParticleSystems":true},"in2DMode":false,"pivot":{"x":2.3289120197296144,"y":1.9775210618972779,"z":-3.643101692199707},"rotation":{"x":0.00591622106730938,"y":-0.940380871295929,"z":0.3398682773113251,"w":0.016385434195399286},"size":2.3980560302734377,"orthographic":false}