{"cameraMode":{"drawMode":0,"name":"Shaded","section":"Shading Mode"},"sceneLighting":false,"audioPlay":false,"sceneViewState":{"showFog":true,"showMaterialUpdate":false,"showSkybox":true,"showFlares":true,"showImageEffects":true,"showParticleSystems":true},"in2DMode":false,"pivot":{"x":2.4163739681243898,"y":2.4753997325897219,"z":9.930000305175782},"rotation":{"x":-0.5254338979721069,"y":-0.011625978164374829,"z":0.007024410646408796,"w":-0.8508630990982056},"size":1.9720954895019532,"orthographic":false}