{"cameraMode":{"drawMode":0,"name":"Shaded","section":"Shading Mode"},"sceneLighting":false,"audioPlay":false,"sceneViewState":{"showFog":true,"showMaterialUpdate":false,"showSkybox":true,"showFlares":true,"showImageEffects":true,"showParticleSystems":true},"in2DMode":false,"pivot":{"x":2.3833208084106447,"y":2.5094950199127199,"z":0.5},"rotation":{"x":-0.7100874185562134,"y":-0.0024107638746500017,"z":0.0008485574508085847,"w":-0.7045498490333557},"size":17.595962524414064,"orthographic":false}