{"cameraMode":{"drawMode":0,"name":"Shaded","section":"Shading Mode"},"sceneLighting":false,"audioPlay":false,"sceneViewState":{"showFog":true,"showMaterialUpdate":false,"showSkybox":true,"showFlares":true,"showImageEffects":true,"showParticleSystems":true},"in2DMode":false,"pivot":{"x":-0.005000114440917969,"y":0.5250000953674316,"z":-4.76837158203125e-7},"rotation":{"x":0.4317634105682373,"y":-0.4371466338634491,"z":0.2525448203086853,"w":0.7475093007087708},"size":48.37069320678711,"orthographic":false}